{"packages/cupertino_icons/assets/CupertinoIcons.ttf":["packages/cupertino_icons/assets/CupertinoIcons.ttf"],"google_fonts/OFL.txt":["google_fonts/OFL.txt"],"google_fonts/Overpass-Black.ttf":["google_fonts/Overpass-Black.ttf"],"google_fonts/Overpass-BlackItalic.ttf":["google_fonts/Overpass-BlackItalic.ttf"],"google_fonts/Overpass-Bold.ttf":["google_fonts/Overpass-Bold.ttf"],"google_fonts/Overpass-BoldItalic.ttf":["google_fonts/Overpass-BoldItalic.ttf"],"google_fonts/Overpass-ExtraBold.ttf":["google_fonts/Overpass-ExtraBold.ttf"],"google_fonts/Overpass-ExtraBoldItalic.ttf":["google_fonts/Overpass-ExtraBoldItalic.ttf"],"google_fonts/Overpass-ExtraLight.ttf":["google_fonts/Overpass-ExtraLight.ttf"],"google_fonts/Overpass-ExtraLightItalic.ttf":["google_fonts/Overpass-ExtraLightItalic.ttf"],"google_fonts/Overpass-Italic.ttf":["google_fonts/Overpass-Italic.ttf"],"google_fonts/Overpass-Light.ttf":["google_fonts/Overpass-Light.ttf"],"google_fonts/Overpass-LightItalic.ttf":["google_fonts/Overpass-LightItalic.ttf"],"google_fonts/Overpass-Regular.ttf":["google_fonts/Overpass-Regular.ttf"],"google_fonts/Overpass-SemiBold.ttf":["google_fonts/Overpass-SemiBold.ttf"],"google_fonts/Overpass-SemiBoldItalic.ttf":["google_fonts/Overpass-SemiBoldItalic.ttf"],"google_fonts/Overpass-Thin.ttf":["google_fonts/Overpass-Thin.ttf"],"google_fonts/Overpass-ThinItalic.ttf":["google_fonts/Overpass-ThinItalic.ttf"],"google_fonts/PatrickHand-Regular.ttf":["google_fonts/PatrickHand-Regular.ttf"],"google_fonts/UbuntuCondensed-Regular.ttf":["google_fonts/UbuntuCondensed-Regular.ttf"],"assets/logo.png":["assets/logo.png"],"assets/logo_back.png":["assets/logo_back.png"],"assets/mobilenet_v1_1.0_224.tflite":["assets/mobilenet_v1_1.0_224.tflite"],"assets/mobilenet_v1_1.0_224.txt":["assets/mobilenet_v1_1.0_224.txt"]}